{
  "array_sizes": [
    8.0,
    16.0,
    32.0,
    64.0,
    128.0
  ],
  "g_ar": [
    64.0,
    256.0,
    1024.0,
    4096.0,
    16384.0
  ],
  "E_ratio": [
    8.440928119716133e-36,
    8.440928119716133e-36,
    8.440928119716133e-36,
    8.440928119716133e-36,
    8.440928119716133e-36
  ],
  "Gamma_term": [
    8.000049774716199e-07,
    1.6000099549432398e-06,
    3.2000199098864797e-06,
    6.400039819772959e-06,
    1.2800079639545919e-05
  ],
  "N0": [
    4.0038821e-21,
    4.0038821e-21,
    4.0038821e-21,
    4.0038821e-21,
    4.0038821e-21
  ],
  "BCRLB_tau": [
    7.463729038185022e-05,
    2.695238340572403e-05,
    1.088462625656174e-05,
    4.794421766705802e-06,
    2.235238042959134e-06
  ],
  "RMSE_range_m": [
    2589993267.5119357,
    1556393079.0515208,
    989070989.1964077,
    656430605.0052329,
    448211084.9609892
  ]
}