Component,Gamma,Percentage
PA,0.005,83.31900830044452
ADC,6.367955209079162e-07,0.010611434258442513
IQ,0.001,16.663801660088907
LO,3.947841760435743e-07,0.006578605208131743
