N,Nt,Nr,g_ar,SNR_crit_db,BCRLB_tau,RMSE_m,Gamma_eff_total,sigma2_gamma,SNR_ratio
16,16,16,2.560000e+02,-2.680339e+01,1.500511e-24,1.836159e-04,1.896100e+00,1.896100e+00,1.332345e+02
32,32,32,1.024000e+03,-3.583429e+01,3.751394e-25,9.180938e-05,3.792199e+00,3.792199e+00,2.664691e+02
64,64,64,4.096000e+03,-4.486519e+01,9.379072e-26,4.590613e-05,7.584398e+00,7.584398e+00,5.329381e+02
128,128,128,1.638400e+04,-5.389609e+01,2.345061e-26,2.295450e-05,1.516880e+01,1.516880e+01,1.065876e+03
256,256,256,6.553600e+04,-6.292699e+01,5.864120e-27,1.147868e-05,3.033759e+01,3.033759e+01,2.131753e+03
