N,Nt,Nr,g_ar,SNR_crit_db,BCRLB_tau,RMSE_m,Gamma_eff_total,sigma2_gamma,SNR_ratio
16,16,16,2.560000e+02,-6.887023e+01,2.727928e-04,2.475752e+06,3.200020e+04,3.200020e+04,7.528662e-03
32,32,32,1.024000e+03,-7.790113e+01,4.406657e-04,3.146627e+06,6.400040e+04,6.400040e+04,1.505732e-02
64,64,64,4.096000e+03,-8.693203e+01,7.764114e-04,4.176733e+06,1.280008e+05,1.280008e+05,3.011465e-02
128,128,128,1.638400e+04,-9.596293e+01,1.447903e-03,5.703749e+06,2.560016e+05,2.560016e+05,6.022929e-02
256,256,256,6.553600e+04,-1.049938e+02,2.790886e-03,7.918843e+06,5.120032e+05,5.120032e+05,1.204586e-01
