N,Nt,Nr,g_ar,SNR_crit_db,BCRLB_tau,RMSE_m,Gamma_eff_total,sigma2_gamma,SNR_ratio
16,16,16,2.560000e+02,-3.162645e+01,1.713771e-27,6.205361e-06,5.984373e+00,5.984373e+00,4.060758e+01
32,32,32,1.024000e+03,-4.065734e+01,4.669273e-28,3.239033e-06,1.196875e+01,1.196875e+01,8.121517e+01
64,64,64,4.096000e+03,-4.968824e+01,1.359740e-28,1.747908e-06,2.393749e+01,2.393749e+01,1.624303e+02
128,128,128,1.638400e+04,-5.871914e+01,4.361454e-29,9.899343e-07,4.787499e+01,4.787499e+01,3.248607e+02
256,256,256,6.553600e+04,-6.775004e+01,1.571411e-29,5.942041e-07,9.574997e+01,9.574997e+01,6.497213e+02
