N,Nt,Nr,g_ar,SNR_crit_db,BCRLB_tau,RMSE_m,Gamma_eff_total,sigma2_gamma,SNR_ratio
16,16,16,2.560000e+02,4.271013e+00,8.045728e-28,4.251805e-06,5.984373e+00,5.984373e-05,4.060758e+01
32,32,32,1.024000e+03,4.271013e+00,2.396301e-28,2.320392e-06,1.196875e+01,1.196875e-04,8.121517e+01
64,64,64,4.096000e+03,4.271013e+00,7.915049e-29,1.333575e-06,2.393749e+01,2.393749e-04,1.624303e+02
128,128,128,1.638400e+04,4.271013e+00,2.940885e-29,8.128862e-07,4.787499e+01,4.787499e-04,3.248607e+02
256,256,256,6.553600e+04,4.271013e+00,1.216273e-29,5.227647e-07,9.574997e+01,9.574997e-04,6.497213e+02
