N,Nt,Nr,g_ar,SNR_crit_db,BCRLB_tau,RMSE_m,Gamma_eff_total,sigma2_gamma,SNR_ratio
16,16,16,2.560000e+02,-1.766074e+01,9.180824e-10,4.541837e+03,2.310989e-01,2.310989e-01,1.092644e+03
32,32,32,1.024000e+03,-2.669164e+01,2.295471e-10,2.271050e+03,4.621977e-01,4.621977e-01,2.185289e+03
64,64,64,4.096000e+03,-3.572254e+01,5.740004e-11,1.135656e+03,9.243955e-01,9.243955e-01,4.370577e+03
128,128,128,1.638400e+04,-4.475344e+01,1.435664e-11,5.679592e+02,1.848791e+00,1.848791e+00,8.741155e+03
256,256,256,6.553600e+04,-5.378434e+01,3.592475e-12,2.841107e+02,3.697582e+00,3.697582e+00,1.748231e+04
