N,Nt,Nr,g_ar,SNR_crit_db,BCRLB_tau,RMSE_m,Gamma_eff_total,sigma2_gamma,SNR_ratio
16,16,16,2.560000e+02,-1.766276e+01,1.964821e-24,2.101127e-04,2.310989e-01,2.310989e-01,1.093151e+03
32,32,32,1.024000e+03,-2.669366e+01,4.912067e-25,1.050565e-04,4.621977e-01,4.621977e-01,2.186302e+03
64,64,64,4.096000e+03,-3.572456e+01,1.228024e-25,5.252839e-05,9.243955e-01,9.243955e-01,4.372604e+03
128,128,128,1.638400e+04,-4.475546e+01,3.070096e-26,2.626435e-05,1.848791e+00,1.848791e+00,8.745208e+03
256,256,256,6.553600e+04,-5.378636e+01,7.675418e-27,1.313233e-05,3.697582e+00,3.697582e+00,1.749042e+04
