Component,Theoretical_Slope,Measured_Slope,Std_Error,R_Squared,Error_Percent
PN,-1.0,-1.0000001634753732,9.483042465195579e-08,0.9999999999998381,1.6347537323824213e-05
DSE,-5.0,-5.000000431672512,3.8952600199636657e-07,0.9999999999998908,8.633450239159401e-06
