Metric,Value
Mean Error,0.01789259259259259
Max Error,0.04499999999999999
Min Error,0.0007999999999999999
Median Error,0.014554320987654322
Std Error,0.014428295087474128
95th Percentile,0.04499999999999999
99th Percentile,0.04499999999999999
Points with Error < 1%,40.0
Points with Error < 2%,60.0
Points with Error < 5%,100.0
